,word_overlap,char_similarity,phoneme_similarity,entity_overlap
1,0.7185348139855656,0.8114116959704586,0.0,0.7029267679939706
5,0.4578421380749697,0.6341905240468573,0.0,0.5181007411129256
15,0.2871645281640436,0.5109905792836124,0.0,0.3848344010383955
